{
  "weight_scale": 0.002276936619300542,
  "weight_zero_point": 0.0,
  "activation_scale": 24.85816160187008,
  "in_channels": 64,
  "out_channels": 64,
  "kernel_size": [
    3,
    3
  ],
  "stride": [
    1,
    1
  ],
  "padding": [
    1,
    1
  ]
}