{
  "weight_scale": 0.005023502458737591,
  "weight_zero_point": 0.0,
  "activation_scale": 69.26854199987696,
  "in_channels": 64,
  "out_channels": 128,
  "kernel_size": [
    3,
    3
  ],
  "stride": [
    1,
    1
  ],
  "padding": [
    1,
    1
  ]
}