{
  "weight_scale": 0.00247733165898661,
  "weight_zero_point": 0.0,
  "activation_scale": 0.1320563753383366,
  "in_channels": 512,
  "out_channels": 1024,
  "kernel_size": [
    3,
    3
  ],
  "stride": [
    1,
    1
  ],
  "padding": [
    6,
    6
  ]
}