{
  "weight_scale": 0.005286614725908895,
  "weight_zero_point": 0.0,
  "activation_scale": 6.0733954145776945,
  "in_channels": 3,
  "out_channels": 64,
  "kernel_size": [
    3,
    3
  ],
  "stride": [
    1,
    1
  ],
  "padding": [
    1,
    1
  ]
}