{
  "weight_scale": 0.002120884384695939,
  "weight_zero_point": 0.0,
  "activation_scale": 0.06315654409213328,
  "in_channels": 512,
  "out_channels": 128,
  "kernel_size": [
    1,
    1
  ],
  "stride": [
    1,
    1
  ],
  "padding": [
    0,
    0
  ]
}