{
  "weight_scale": 0.0018648919392758468,
  "weight_zero_point": 0.0,
  "activation_scale": 1.2042668728565606,
  "in_channels": 512,
  "out_channels": 512,
  "kernel_size": [
    3,
    3
  ],
  "stride": [
    1,
    1
  ],
  "padding": [
    1,
    1
  ]
}