{
  "weight_scale": 0.002234807868642131,
  "weight_zero_point": 0.0,
  "activation_scale": 10.83955170398622,
  "in_channels": 256,
  "out_channels": 512,
  "kernel_size": [
    3,
    3
  ],
  "stride": [
    1,
    1
  ],
  "padding": [
    1,
    1
  ]
}