{
  "weight_scale": 0.0014676499789155375,
  "weight_zero_point": 0.0,
  "activation_scale": 2.6939833633542998,
  "in_channels": 512,
  "out_channels": 512,
  "kernel_size": [
    3,
    3
  ],
  "stride": [
    1,
    1
  ],
  "padding": [
    1,
    1
  ]
}