{
  "weight_scale": 0.0032071738731204056,
  "weight_zero_point": 0.0,
  "activation_scale": 17.485633112389273,
  "in_channels": 256,
  "out_channels": 256,
  "kernel_size": [
    3,
    3
  ],
  "stride": [
    1,
    1
  ],
  "padding": [
    1,
    1
  ]
}