{
  "weight_scale": 0.0008617710527472609,
  "weight_zero_point": 0.0,
  "activation_scale": 0.05484544213362566,
  "in_channels": 256,
  "out_channels": 512,
  "kernel_size": [
    3,
    3
  ],
  "stride": [
    2,
    2
  ],
  "padding": [
    1,
    1
  ]
}