{
  "weight_scale": 0.0023177221534759042,
  "weight_zero_point": 0.0,
  "activation_scale": 0.04366680982544666,
  "in_channels": 1024,
  "out_channels": 256,
  "kernel_size": [
    1,
    1
  ],
  "stride": [
    1,
    1
  ],
  "padding": [
    0,
    0
  ]
}