{
  "weight_scale": 0.0006941207867907727,
  "weight_zero_point": 0.0,
  "activation_scale": 0.10093553573127806,
  "in_channels": 128,
  "out_channels": 256,
  "kernel_size": [
    3,
    3
  ],
  "stride": [
    1,
    1
  ],
  "padding": [
    0,
    0
  ]
}