{
  "weight_scale": 0.0017002860861500418,
  "weight_zero_point": 0.0,
  "activation_scale": 0.04603737992564524,
  "in_channels": 1024,
  "out_channels": 1024,
  "kernel_size": [
    1,
    1
  ],
  "stride": [
    1,
    1
  ],
  "padding": [
    0,
    0
  ]
}