{
  "weight_scale": 0.0015717605202216801,
  "weight_zero_point": 0.0,
  "activation_scale": 0.5509123458261566,
  "in_channels": 512,
  "out_channels": 512,
  "kernel_size": [
    3,
    3
  ],
  "stride": [
    1,
    1
  ],
  "padding": [
    1,
    1
  ]
}