{
  "weight_scale": 0.0022312789920746813,
  "weight_zero_point": 0.0,
  "activation_scale": 38.6758807132751,
  "in_channels": 128,
  "out_channels": 128,
  "kernel_size": [
    3,
    3
  ],
  "stride": [
    1,
    1
  ],
  "padding": [
    1,
    1
  ]
}