{
  "weight_scale": 0.0008262991318552513,
  "weight_zero_point": 0.0,
  "activation_scale": 0.018608018525942103,
  "in_channels": 256,
  "out_channels": 16,
  "kernel_size": [
    3,
    3
  ],
  "stride": [
    1,
    1
  ],
  "padding": [
    1,
    1
  ]
}