{
  "weight_scale": 0.0020455366044532597,
  "weight_zero_point": 0.0,
  "activation_scale": 0.08882930905800165,
  "in_channels": 256,
  "out_channels": 364,
  "kernel_size": [
    3,
    3
  ],
  "stride": [
    1,
    1
  ],
  "padding": [
    1,
    1
  ]
}