{
  "weight_scale": 0.007863935992473692,
  "weight_zero_point": 0.0,
  "activation_scale": 0.074650599562277,
  "in_channels": 512,
  "out_channels": 364,
  "kernel_size": [
    3,
    3
  ],
  "stride": [
    1,
    1
  ],
  "padding": [
    1,
    1
  ]
}