{
  "weight_scale": 0.0016032541830708661,
  "weight_zero_point": 0.0,
  "activation_scale": 0.10291366472018985,
  "in_channels": 256,
  "out_channels": 364,
  "kernel_size": [
    3,
    3
  ],
  "stride": [
    1,
    1
  ],
  "padding": [
    1,
    1
  ]
}