{
  "weight_scale": 0.0013366196099228746,
  "weight_zero_point": 0.0,
  "activation_scale": 0.031803374290466306,
  "in_channels": 512,
  "out_channels": 24,
  "kernel_size": [
    3,
    3
  ],
  "stride": [
    1,
    1
  ],
  "padding": [
    1,
    1
  ]
}