{
  "weight_scale": 0.0011233519616089468,
  "weight_zero_point": 0.0,
  "activation_scale": 0.022242830156341313,
  "in_channels": 256,
  "out_channels": 24,
  "kernel_size": [
    3,
    3
  ],
  "stride": [
    1,
    1
  ],
  "padding": [
    1,
    1
  ]
}