{
  "weight_scale": 0.0013175403743278323,
  "weight_zero_point": 0.0,
  "activation_scale": 0.026557310922877997,
  "in_channels": 1024,
  "out_channels": 24,
  "kernel_size": [
    3,
    3
  ],
  "stride": [
    1,
    1
  ],
  "padding": [
    1,
    1
  ]
}