{
  "weight_scale": 0.0018856812884488444,
  "weight_zero_point": 0.0,
  "activation_scale": 0.12120168475654182,
  "in_channels": 1024,
  "out_channels": 546,
  "kernel_size": [
    3,
    3
  ],
  "stride": [
    1,
    1
  ],
  "padding": [
    1,
    1
  ]
}