{
  "weight_scale": 0.0010875302740908045,
  "weight_zero_point": 0.0,
  "activation_scale": 0.014151341746172566,
  "in_channels": 256,
  "out_channels": 16,
  "kernel_size": [
    3,
    3
  ],
  "stride": [
    1,
    1
  ],
  "padding": [
    1,
    1
  ]
}