{
  "weight_scale": 0.013289777312691755,
  "weight_zero_point": 0.0,
  "activation_scale": 0.09013859711294099,
  "in_channels": 512,
  "out_channels": 16,
  "kernel_size": [
    3,
    3
  ],
  "stride": [
    1,
    1
  ],
  "padding": [
    1,
    1
  ]
}